{
    "mae": 0.5543829927884041,
    "mse": 0.4801361292089501,
    "r2": 0.2652917761622785
}